sample_name,latitude,longitude,locality,rocktyp,stratigraphy,weight,volume,density,density_error,observation_during_meassurments,susceptibility_1,susceptibility_2,susceptibility_3,susceptibility_4,susceptibility_5,susceptibility_6,susceptibility_7,susceptibility_8,susceptibility_average,susceptibility_std,sample_location
4R 303 si,70° 27' S,161° 05' E,Kavrayskiy Hills,Sillimanit-Biotit-Gneiss,Wilson Metamorphic Complex,939.14,350,2.683,0.00769502,,0.391,0.43,0.157,0.227,0.214,0.268,0.286,0.343,0.29,0.087,NAPA
DA 114,71° 32' S,160° 16' E,"south to Daniels Range, Thompson Spur",Granite,Granite Harbour Intrusives,1102.72,435,2.535,0.005850548,,-0.02,0.081,0.04,0.082,0.094,0.033,-0.01,0.032,0.042,0.04,NAPA
GA 6221G,71° 34' S,162° 51' E,NE Lanterman Range/ north from Orr Glacier,Granite,Granite Harbour Intrusives,615.04,234,2.628,0.011275111,,0.337,0.315,0.178,0.303,0.615,1.409,0.191,0.22,0.446,0.386,NAPA
GA 6400,74° 47' S,163° 38' E,"Vegetation Island, south of Gondwana-Station",Granite,Granite Harbour Intrusives,365.06,138.5,2.636,0.019103338,,0.159,0.195,0.146,0.098,0.075,0.208,0.189,0.159,0.154,0.044,NAPA
4R 345,70° 22' S,161° 06' E,"Kavrayskiy Hills, North",Granite,Granite Harbour Intrusives,1339.54,505,2.653,0.005272385,,4.581,5.581,4.761,4.872,5.658,5.352,5.472,5.661,5.242,0.408,NAPA
4R 328,70° 35' S,161° 17' E,"Kavrayskiy Hills, SE",Granite,Granite Harbour Intrusives,475.11,180,2.64,0.014719444,,3.063,3.514,2.209,2.992,3.001,2.769,1.426,1.99,2.621,0.642,NAPA
4R 336,69° 56' S,158° 00' E,Exiles Nunataks,Granite,Granite Harbour Intrusives,748.79,285.5,2.623,0.009221478,,7.048,8.608,6.672,8.655,6.492,6.654,7.53,8.532,7.524,0.884,NAPA
4R 337,69° 56' S,158° 00' E,Exiles Nunataks,Granite,Granite Harbour Intrusives,1090.03,408,2.672,0.006572652,,0.241,0.21,0.222,0.115,0.206,0.201,0.208,0.169,0.197,0.036,NAPA
GA 6509,73° 32' S,166° 33' E,"Mountaineer Range, north of Cape King, peak point 1430m",Granite,Granite Harbour Intrusives,453.34,183,2.477,0.013591627,,-0.046,0.002,0.001,0.006,-0.006,-0.0042,-0.001,-0.007,-0.007,0.015,NAPA
4G 8013,75° 46' S,162° 36' E,NW Kohler Head,Granite,Granite Harbour Intrusives,713.71,279,2.558,0.009204661,,-0.08,0,0.004,-0.045,-0.017,0.007,0.0014,-0.016,-0.018,0.028,NAPA
4G 8013,75° 46' S,162° 36' E,NW Kohler Head,Granite,Granite Harbour Intrusives,699.99,273,2.564,0.009428813,,-0.018,-0.001,0.018,0.017,0.032,-0.043,0.001,0.023,0.004,0.023,NAPA
4G 2004 D,71° 19' S,161° 20' E,"Rennick Glacier, Renirie Rocks",Granite,Granite Harbour Intrusives,2987,1140,2.62,0.002307171,,0.043,0.09,0.045,0.103,0.087,0.088,0.051,0.142,0.081,0.032,NAPA
4M 617,69° 16' S,158° 49' E,"Aviation Island, Davies Bay",Granite,Granite Harbour Intrusives,985.17,376,2.62,0.006995035,,0.032,0.026,0.051,0.078,0.041,0.012,0.035,0.032,0.038,0.018,NAPA
GA 6538 G,73° 22' S,166° 08' E,NW von Mt. Murchison,Granite,Granite Harbour Intrusives,114.63,43.6,2.629,0.060530469,,-0.043,-0.059,-0.069,0.035,-0.018,-0.012,0.032,0.085,-0.006,0.05,NAPA
GA 6536 E,73° 17' S,165° 54' E,"south to Mt. Kinet, NW von Mt. Murchison",Granite,Granite Harbour Intrusives,215.62,83.1,2.595,0.031344226,,2.479,2.084,1.96,1.82,2.03,2.212,2.562,1.913,2.133,0.25,NAPA
CPG 10,,,Penguin Bay Nord,"Granite, fine-grained",Granite Harbour Intrusives,392.26,151,2.598,0.017269857,,0.054,0.068,0.013,0.003,0.104,0.042,0.2,0.07,0.069,0.058,NAPA
CPG 12,,,Inexpressible Island NW,"Granite, small- to fine-grained",Granite Harbour Intrusives,679.62,265,2.565,0.009715486,,0.03,0.034,0.049,0.026,0.037,0.037,0.046,0.036,0.036875,0.007114027,NAPA
CPG 41,,,Walker Rocks,"Granite, small- to fine-grained",Granite Harbour Intrusives,275.37,102,2.7,0.026565744,,0.252,0.226,0.26,0.193,0.235,0.198,0.22,0.14,0.2155,0.035944402,NAPA
CPG 74,,,Mt Blowaway (SW),"Granite, small- to fine-grained",Granite Harbour Intrusives,1316,510,2.58,0.0050792,,24.04,16.35,25.12,24.9,31.09,20.96,24.02,15.84,22.79,4.676689534,NAPA
CPG 11,,,Inexpressible Island NW,"Granite, small-grained",Granite Harbour Intrusives,518.45,204,2.541,0.012506968,,0.061,0.014,0.077,0.073,0.017,0.054,0.046,0.063,0.050625,0.022253862,NAPA
CPG 25,,,Tarn Flat,"Granite, small-grained",Granite Harbour Intrusives,725.35,280,2.591,0.009287628,,0,0.001,0.027,0.006,0.005,0.01,0.016,0.051,0.0145,0.016070159,NAPA
CPG 27,,,Tarn Flat,"Granite, small-grained",Granite Harbour Intrusives,417.37,161,2.592,0.016163728,,-0.004,-0.003,-0.005,0.03,0.015,0.005,0.07,0.066,0.02175,0.028877976,NAPA
CPG 72,,,Mt Blowaway (SW),"Granite, small-grained",Granite Harbour Intrusives,844.33,325,2.598,0.008024426,,14.68,16.84,18.93,13.83,13.22,11.85,9.477,8.519,13.41825,3.276509681,NAPA
CPG 73,,,Mt Blowaway (SW),"Granite, small-grained",Granite Harbour Intrusives,414.45,162,2.558,0.015853909,,12.87,12.88,11.8,14.72,13.77,13.8,11.61,12.11,12.945,1.022411365,NAPA
CPG  5,,,Szanto Spur,"Granite, small-grained",Granite Harbour Intrusives,560.7,203,2.762,0.013655512,,0.307,0.371,0.374,0.205,0.27,0.268,0.305,0.229,0.291125,0.056954889,NAPA
CPG 65,,,Outrider Nunatak,"Granite, medium to coarse-grained",Granite Harbour Intrusives,315.46,123,2.565,0.020932646,,0.33,0.195,0.321,0.286,0.167,0.08,0.162,0.059,0.2,0.0973242,NAPA
CPG 63,,,Outrider Nunatak,"Granite, medium-grained",Granite Harbour Intrusives,373.25,146,2.557,0.017578814,,0.082,0.107,0.047,0.038,0.068,0.03,0.018,0.079,0.058625,0.028328155,NAPA
CPG 64,,,Outrider Nunatak,"Granite, medium-grained",Granite Harbour Intrusives,738.24,290,2.546,0.008812604,,0.045,0.009,0.023,0.069,0.011,0.041,-0.006,0.03,0.02775,0.022286487,NAPA
CPG 66,,,Outrider Nunatak,"Granite, medium-grained",Granite Harbour Intrusives,297.19,116,2.562,0.022172265,,0.084,0.063,0.076,0.071,0.119,0.11,0.098,0.088,0.088625,0.018082709,NAPA
CPG 67,,,Outrider Nunatak,"Granite, medium-grained",Granite Harbour Intrusives,98.09,37.2,2.637,0.071151289,,0.043,0.054,-0.001,-0.002,0.08,-0.001,0.06,0.042,0.034375,0.029752889,NAPA
CPG 29 B,,,Tarn Flat,"Granite, medium-grained",Granite Harbour Intrusives,284.6,110,2.587,0.02361157,,1.433,1.414,1.489,1.352,1.283,1.275,1.572,1.533,1.418875,0.103227222,NAPA
CPG 38,,,Walker Rocks,"Granite, medium-grained",Granite Harbour Intrusives,410.52,155,2.649,0.017151717,,0.181,0.179,0.176,0.188,0.168,0.131,0.087,0.189,0.162375,0.033301417,NAPA
CPG 39,,,Walker Rocks,"Granite, medium-grained",Granite Harbour Intrusives,507.12,193,2.628,0.013666139,,0.107,0.123,0.069,0.106,0.116,0.028,0.013,0.097,0.082375,0.038903527,NAPA
CPG 40 A,,,Walker Rocks,"Granite, medium-grained",Granite Harbour Intrusives,449.59,174,2.584,0.014907187,,-0.002,0.021,0.02,0.039,0.047,0.014,0.039,-0.007,0.021375,0.018323056,NAPA
GA 6227,71° 28' S,162° 50' E,"Lanterman Range, north to Mt. Moody",Diorit,Granite Harbour Intrusives,184.66,67,2.756,0.041285364,,0.238,0.282,0.361,0.269,0.226,0.487,0.505,0.241,0.326125,0.10567691,NAPA
GA 6508 N,73° 32' S,166° 36' E,"Mountaineer Range,north to Cape King",Diorit,Granite Harbour Intrusives,544.65,196,2.779,0.014228707,,0.9,0.718,0.572,0.803,1.059,0.991,0.956,1.027,0.87825,0.157781296,NAPA
GA 6253 bogen,71° 47' S,163° 11' E,"SE Lanterman Range, SW Bowers Pk.",Hornblende-Gneiss,Wilson Schist,1484.53,547,2.714,0.004979797,,0.343,0.308,0.103,0.315,0.227,0.332,0.207,0.109,0.243,0.091130401,NAPA
4R 346,70° 24' S,161° 09' E,Kavrayskiy Hills,Diorit,Granite Harbour Intrusives,394.17,145,2.718,0.018816647,,1.922,1.243,1.096,1.44,1.718,1.262,1.259,1.4,1.4175,0.257086561,NAPA
4R 346,70° 24' S,161° 09' E,Kavrayskiy Hills,Diorit,Granite Harbour Intrusives,299.54,110,2.723,0.024846281,,0.445,0.536,0.41,0.486,0.558,0.568,0.289,0.456,0.4685,0.085968017,NAPA
4R 411,69° 37' S,156° 51' E,SE Archangel Nunataks,Diorit,Granite Harbour Intrusives,2077.16,733,2.834,0.003879644,,37.17,39.12,21.11,38.34,25.35,21.36,29.95,34.3,30.8375,7.002895383,NAPA
4R 412 N,69° 37' S,156° 51' E,SE Archangel Nunataks,Diorit,Granite Harbour Intrusives,617.88,208,2.971,0.014329697,,4.501,4.066,4.664,3.334,4.049,3.272,3.887,4.168,3.992625,0.462702912,NAPA
4G 8041D,76° 22' S,162° 03' E,SE Mt. Chetwynd (Kirkwood Range),Diorit,Granite Harbour Intrusives,920.17,329,2.797,0.008531518,,0.317,0.296,0.179,0.254,0.231,0.24,0.296,0.247,0.2575,0.04153011,NAPA
GA 6224 DX,71° 32' S,162° 59' E,"Lanterman Range, SE von Mt. Moody",Diorit,Granite Harbour Intrusives,1089.83,385,2.831,0.007378512,,0.222,0.225,0.168,0.028,0.245,0.106,0.209,0.195,0.17475,0.068541502,NAPA
GA 6253,71° 47' S,163° 11' E,"SE Lanterman Range, SW Bowers Pk.",Diorit,Granite Harbour Intrusives,182.65,66.86,2.732,0.041008491,,0.126,0.035,0.11,0.098,0.115,0.137,0.084,0.083,0.0985,0.029845435,NAPA
GA 6508 M,73° 32' S,166° 36' E,"Mountaineer Range, north to von Cape King",Gabbro,Granite Harbour Intrusives,216.51,72.38,2.991,0.041465818,,2.615,1.865,1.723,1.618,1.762,1.201,0.978,1.435,1.649625,0.460401438,NAPA
GA 6301,71° 04' S,160° 02' E,"N Daniels Range, SW Penseroso Bluff",Gabbro,Granite Harbour Intrusives,691.14,233,2.966,0.012773674,,0.605,0.5,0.524,0.535,0.402,0.558,0.567,0.463,0.51925,0.059882698,NAPA
4R 328,70° 35' S,161° 17' E,"Kavrayskiy Hills, SE-",Gabbro,Granite Harbour Intrusives,812.75,278,2.924,0.010552378,,2.612,2.322,4.273,1.955,2.1,2.095,1.197,2.294,2.356,0.820302079,NAPA
4B 018 n,69° 39' S,156° 52' E,"Nunatak SE,  Archangel Nunataks",Gabbro,Granite Harbour Intrusives,351.49,122.75,2.863,0.023409062,,25.94,23.12,15.6,19.84,26.65,25.91,16.29,25.52,22.35875,4.232007318,NAPA
4R 206 W-nb,73° 01' S,166° 01' E,North to Gair Glacier,Granitoid,Granite Harbour Intrusives,230.5,90.05,2.56,0.028536247,,-0.085,-0.094,0.011,-0.018,-0.027,0.016,-0.034,-0.01,-0.030125,0.037892735,NAPA
GA 6507,73° 32' S,166° 36' E,"Mountaineer Range, north to Cape King",Granodiorit,Granite Harbour Intrusives,916.7,361,2.539,0.00706187,,1.659,2.035,1.76,1.39,1.502,1.119,2.173,1.987,1.703125,0.334737,NAPA
GA 6508 G,73° 32' S,166° 36' E,"Mountaineer Range, north to Cape King",Granodiorit,Granite Harbour Intrusives,224.78,84.25,2.668,0.031786491,,6.047,5.216,6.089,5.475,5.015,6.36,5.812,4.515,5.566125,0.584682058,NAPA
GA 6508 G,73° 32' S,166° 36' E,"Mountaineer Range, north to Cape King",Granodiorit,Granite Harbour Intrusives,858.99,331,2.595,0.007870501,,4.773,5.548,4.195,4.283,5.082,5.186,4.897,5.253,4.902125,0.440631489,NAPA
GA 6512 G,73° 32' S,166° 39' E,"Mountaineer Range, north to Cape King",Granodiorit,Granite Harbour Intrusives,438.9,158.8,2.764,0.017467594,,46.76,36.8,64.24,28.88,40.21,34.97,26.36,24.82,37.88,12.10909472,NAPA
4G 8042 GD,76° 18' S,162° 10' E,North to Mt. Gauss (Kirkwood Range),Granodiorit,Granite Harbour Intrusives,689.42,257,2.683,0.010476919,,0.067,0.084,0.063,0.133,0.1,0.089,0.14,0.111,0.098375,0.026513853,NAPA
GA 6562 T,73° 09' S,165° 52' E,SW Whitcomb Ridge,Granodiorit,Granite Harbour Intrusives,174.34,63.61,2.741,0.043244207,,0.316,0.227,0.229,0.33,0.3,0.229,0.213,0.234,0.25975,0.044061746,NAPA
4G 1004 b,70° 36' S,160° 05' E,East Pomerantz Tableland,Large grain-Granite,Granite Harbour Intrusives,1775.74,692,2.566,0.003722685,,0.123,0.054,0.021,0.03,0.073,0.106,0.032,0.12,0.069875,0.039234671,NAPA
GA 6577,73° 23' S,166° 26' E,Mt. Murchison (NE),Hbl-Diorit,Granite Harbour Intrusives,422.44,147.8,2.858,0.019405864,,0.475,0.5,0.483,0.49,0.441,0.46,0.372,0.269,0.43625,0.073593053,NAPA
4B 019 or1,69° 37' S,156° 51' E,Nunatak SE to Archangel Nunataks,Hornblende/Gabbro,Granite Harbour Intrusives,478.72,156,3.069,0.019735371,,6.78,6.614,7.019,6.759,6.587,5.671,7.012,6.403,6.605625,0.403879294,NAPA
4R 412 H,69° 37' S,156° 51' E,SE Archangel Nunataks,Hornblendit,Granite Harbour Intrusives,1573,492,3.197,0.006518607,,4.633,4.759,3.486,3.982,3.392,4.506,4.107,4.113,4.12225,0.470591051,NAPA
4R 301a,70° 27' S,161° 05' E,Kavrayskiy Hills,Granite/Orthogneiss,Granite Harbour Intrusives,846.9,353,2.399,0.006824788,,3.523,3.042,3.001,2.621,3.279,3.648,3.597,2.804,3.189375,0.357876004,NAPA
CPG 48 A,,,Black Ridge,"Granite-Gneiss, medium-grain",Granite Harbour Intrusives,1543.13,583,2.647,0.004557253,,0.056,0.087,0.091,0.111,0.089,0.074,0.082,0.067,0.082125,0.015655969,NAPA
CPG 48 B,,,Black Ridge,"Granite-Gneiss, medium-grain",Granite Harbour Intrusives,496.83,189.7,2.619,0.013858883,,0.087,0.073,0.026,0.092,0.066,0.054,0.109,0.067,0.07175,0.023705221,NAPA
4R 335 A,69° 56' S,158° 00' E,"South Matusevich Gl., Exiles Nunataks",Granite-Mylonit,Granite Harbour Intrusives,346.1,131.4,2.634,0.020121325,,8.958,9.491,8.575,9.426,9.202,6.488,8.707,7.645,8.5615,0.95783023,NAPA
4R 227,73° 14' S,166° 12' E,"Northern side of Meander Glacier, (south to Argonaut Glacier)",Orthogneiss/Granitoid,Granite Harbour Intrusives,578.07,210,2.753,0.013155782,,0.23,0.231,0.236,0.165,0.193,0.216,0.184,0.229,0.2105,0.024753788,NAPA
GA 6404 EEA,74° 38' S,164° 13' E,Gondwana-Station,Pegmatite with Andalusite,Granite Harbour Intrusives,646.61,317,2.04,0.00646618,,-0.018,-0.03,-0.001,-0.005,-0.067,-0.058,-0.045,0.01,-0.02675,0.026228563,NAPA
4G 2004 J,71° 19' S,161° 20' E,"Rennick Glacier, Renirie Rocks",sc-Mylonite im Granite,Granite Harbour Intrusives,997.36,378,2.639,0.007006663,,-0.012,-0.049,0.01,0.11,0.051,0.097,0.083,0.068,0.04475,0.052734595,NAPA
CPG 43,,,Walker Rocks,"Syenite, medium-grain",Granite Harbour Intrusives,272.02,107.05,2.541,0.023830505,,-0.02,0.023,0.043,0.019,0.025,-0.03,0.037,0.022,0.014875,0.024358969,NAPA
CPG 44,,,Walker Rocks,"Syenite, medium-grain",Granite Harbour Intrusives,795.82,309,2.575,0.008367214,,0.095,0.071,0.038,0.087,0.085,0.085,0.084,0.087,0.079,0.016680827,NAPA
CPG 45,,,Walker Rocks,"Syenite, medium-grain",Granite Harbour Intrusives,1016.03,391.9,2.593,0.006640915,,0.079,0.088,0.032,0.093,-0.023,-0.033,0.05,0.112,0.04975,0.050645212,NAPA
4R 218,72° 57' S,165° 46' E,South to Mariner Glacier ,Ultrabasit,Granite Harbour Intrusives,1418.4,461,3.077,0.006695856,,3.49,7.435,7.932,5.545,4.147,5.598,6.725,9.735,6.325875,1.920952917,NAPA
4R 216,72° 56' S,165° 46' E,South to Mariner Glacier,Ultrabasit,Granite Harbour Intrusives,938.77,337,2.786,0.00829575,,9.578,7.634,9.736,8.591,3.221,2.316,3.046,7.539,6.457625,2.890868941,NAPA
4R 216,72° 56' S,165° 46' E,South to Mariner Glacier,Ultrabasit,Granite Harbour Intrusives,371.41,122.7,3.027,0.024751234,,0.888,0.435,0.735,0.72,0.739,0.439,0.569,0.399,0.6155,0.168625324,NAPA
4R 303 Mitte,70° 27' S,161° 05' E,Kavrayskiy Hills,Ultrabasit,Granite Harbour Intrusives,1080.91,356,3.036,0.008556921,,0.483,0.466,0.468,0.294,0.308,0.307,0.271,0.381,0.37225,0.082960457,NAPA
4G 8057,75° 08' S,161° 08' E,Northern David Glacier,Basalt,Ferrar Dolerites,1191.46,416,2.864,0.006908862,,4.339,4.033,3.953,3.083,4.416,4.123,4.158,3.394,3.937375,0.434182835,NAPA
4G 8053,75° 31' S,159° 49' E,Trio Nunatak,Basalt-Sill,Ferrar Dolerites,888.93,318.4,2.792,0.008799829,,6.99,6.211,6.554,5.932,6.988,4.652,6.106,6.445,6.23475,0.698015893,NAPA
4R 160,74° 07' S,163° 14' E,"between Capsize and Priestley Glacier, at Capsize Glacier",Basit,Ferrar Dolerite,447.16,154.1,2.902,0.018895212,,0.415,0.219,0.113,0.175,0.248,0.428,0.29,0.189,0.259625,0.105384934,NAPA
4R 161N,74° 07' S,163° 14' E,"between Capsize and Priestley Glacier, at Capsize Glacier",Basit,Ferrar Dolerite,553.37,190.2,2.909,0.015349165,,0.352,0.409,0.263,0.338,0.281,0.098,0.26,0.184,0.273125,0.092087509,NAPA
4R 156 k,74° 07' S,163° 14' E,between Capsize and Priestley Glacier,Basit or Ultrabasit,Ferrar Dolerite,366.26,125.8,2.911,0.023222947,,0.212,0.148,0.344,0.219,0.042,0.156,0.257,0.278,0.207,0.086447961,NAPA
4R 435,68° 48' S,153° 32' E,SCAR Bluffs,Dolerit,Ferrar Dolerites,1424,497,2.865,0.005785093,,3.017,3.121,3.111,3.197,2.241,2.499,3.024,3.075,2.910625,0.323156285,NAPA
4R 435,68° 48' S,153° 32' E,SCAR Bluffs,Dolerit,Ferrar Dolerites,463.9,161.77,2.868,0.017788537,,2.799,2.953,2.989,2.751,2.716,2.814,2.783,2.714,2.814875,0.096630013,NAPA
4R 435,68° 48' S,153° 32' E,SCAR Bluffs,Dolerit,Ferrar Dolerites,572.39,196.2,2.917,0.014920389,,3.419,2.033,2.785,3.436,2.244,2.225,2.875,2.269,2.66075,0.518217317,NAPA
4R 437,68° 30' S,153° 45' E,Anxiety Nunataks south,Dolerit,Ferrar Dolerites,643.35,230,2.797,0.012205104,,3.97,3.714,4.308,3.541,4.295,3.566,4.476,4.319,4.023625,0.351335643,NAPA
GA 6260,71° 48' S,163° 48' E,"SE Lanterman Range,  NE Zenith Glacier",Dolerit,Ferrar Dolerites,690.06,243.4,2.835,0.011688933,,5.5,3.635,4.024,4.904,4.617,4.041,4.77,5.183,4.58425,0.596342131,NAPA
GA 6264,71° 40' S,163° 06' E,"zentrale Lanterman Range, eatern Linder Glacier",Dolerit,Ferrar Dolerites,437.15,145.25,3.01,0.02078925,,0.322,0.376,0.327,0.236,0.247,0.349,0.184,0.259,0.2875,0.061422716,NAPA
GA 6264,71° 40' S,163° 06' E,"zentrale Lanterman Range, eastern Linder Glacier",Dolerit,Ferrar Dolerites,316.12,104.6,3.022,0.028988334,,0.314,0.276,0.038,0.139,0.261,0.163,0.339,0.053,0.197875,0.108812267,NAPA
4G 8003 hgd,76° 09' S,161° 50' E,"Mt. Murray, Mawson Glacier",Dolerit,Ferrar Dolerites,603.25,210.4,2.867,0.013674704,,18.67,15.81,16.06,20.97,15.74,22.16,15.59,14.09,17.38625,2.700124708,NAPA
4B 037 (f),68° 35' S,153° 44' E,southern Anxiety Nunataks,Ferrar Dolerit,Ferrar Dolerites,1039.43,367.5,2.828,0.007723486,,7.065,6.23,6.639,6.624,6.918,6.604,6.666,6.68,6.67825,0.228619088,NAPA
MA10/2a,73° 56' S,163° 00' E,"SE-slope S of Mt. Adamson, Deep Freeze Range",tuff,Kirkpatrick Basalts,862.82,375.6,2.297,0.006142646,,0.175,0.138,0.145,-0.042,-0.034,0.113,0.175,0.127,0.099625,0.081957211,NAPA
MA10/2c,73° 56' S,163° 00' E,"SE-slope S of Mt. Adamson, Deep Freeze Range",tuff,Kirkpatrick Basalts,446.46,196,2.278,0.011672741,,0.18,0.196,0.119,0.116,0.186,0.145,0.191,0.167,0.1625,0.029945784,NAPA
MA10/2f,73° 56' S,163° 00' E,"SE-slope S of Mt. Adamson, Deep Freeze Range",tuff,Kirkpatrick Basalts,1157.95,504,2.298,0.004578412,,0.086,-0.03,0.041,0.022,0.124,0.029,-0.02,0.119,0.046375,0.054810896,NAPA
MA10/3/1,73° 56' S,163° 00' E,"SE-slope S of Mt. Adamson, Deep Freeze Range",tuff,Kirkpatrick Basalts,404.4,179,2.259,0.012677195,,0.136,0.007,0.101,0.098,0.11,0.039,0.047,0.034,0.0715,0.042482349,NAPA
SB04-RS02,73° 29' S,163° 05' E,"Suture Bench, Southern Cross Mountains",tuff,Kirkpatrick Basalts,415.76,194.05,2.143,0.011092711,,0.17,0.0169,0.115,0.12,0.098,0.098,0.092,0.135,0.1056125,0.041042065,NAPA
4M 312,74° 02' S,163° 33' E,Wood Ridge (Campbell Glacier),Granite,Wilson Polymetamorphic Complex,886.01,344,2.576,0.007516309,,0.089,0.019,-0.057,0.088,0.054,0.07,0.081,0.072,0.052,0.046373484,NAPA
4R 117,74° 14' S,163° 54' E,"Mills Peak, Campbell Glacier",Granulit,Wilson Polymetamorphic Complex,582.29,217,2.683,0.012411816,,0.006,0.148,0.025,0.177,0.122,0.026,0.13,0.143,0.097125,0.062586815,NAPA
4R 117,74° 14' S,163° 54' E,"Mills Peak, Campbell Glacier",Granulit,Wilson Polymetamorphic Complex,583.33,214,2.726,0.012784304,,0.089,0.191,0.086,0.03,0.029,0.25,0.164,0.087,0.11575,0.073586259,NAPA
4R 135,74° 02' S,163° 20' E,Capsize Glacier,Harzburgit,Wilson Polymetamorphic Complex,352.12,132.54,2.657,0.02012002,,0.029,0.007,0.084,0.061,0.053,0.051,0.064,0.038,0.048375,0.022067722,NAPA
4G 7005 II.,74° 13' S,163° 41' E,Mt. Emison (Tourmaline Plateau),Pegmatite,Wilson Polymetamorphic Complex,524.63,198.4,2.644,0.013378551,,0,0.019,0.024,0.039,0.017,0.013,0.03,0.036,0.02225,0.011997396,NAPA
4R 123 t,74° 00' S,163° 17' E,Capsize Glacier (north),pyroxenite,Wilson Polymetamorphic Complex,1248.39,432,2.89,0.006712481,,0.236,0.325,0.305,0.363,0.24,0.398,0.218,0.33,0.301875,0.060740097,NAPA
4R 135 R,74° 02' S,163° 20' E,Capsize Glacier,Ultrabasit,Wilson Polymetamorphic Complex,603.87,202.6,2.981,0.014761116,,0.227,0.402,0.412,0.323,0.403,0.205,0.347,0.413,0.3415,0.078771822,NAPA
4R 318 mg,70° 27' S,161° 05' E,Kavrayskiy Hills,Biotitgneiss,Wilson Metamorphic Complex,1059.88,409,2.591,0.006360376,,0.037,0,0.011,0.016,0.02,-0.033,0.002,-0.018,0.004375,0.020645444,NAPA
4R 316 (a),70° 27' S,161° 05' E,northern Kavrayskiy Hills,Biotit-Gneiss,Wilson Metamorphic Complex,238.04,87.72,2.714,0.031049183,,0.474,0.68,0.564,0.413,0.512,0.599,0.583,0.366,0.523875,0.096805782,NAPA
4R 316 (b),70° 27' S,161° 05' E,northern Kavrayskiy Hills,Biotit-Gneis,Wilson Metamorphic Complex,562.51,207.2,2.715,0.013150659,,0.694,0.697,0.919,1.028,0.621,0.852,0.63,0.674,0.764375,0.14024883,NAPA
4G 1001,70° 23' S,162° 01' E,northern Kavrayskiy Hills,Biotit-Gneiss,Wilson Metamorphic Complex,764.75,288,2.655,0.009254798,,0.442,0.39,0.394,0.245,0.255,0.411,0.369,0.381,0.360875,0.067218743,NAPA
4R 321,70° 27' S,161° 05' E,Kavrayskiy Hills,Biotitquarzit,Wilson Metamorphic Complex,311.01,116.3,2.674,0.023080006,,0.049,0.084,0.157,0.082,0.094,0.078,0.076,0.057,0.084625,0.030585689,NAPA
4R 321,70° 27' S,161° 05' E,Kavrayskiy Hills,Biotitquarzit,Wilson Metamorphic Complex,648.18,246,2.635,0.010751537,,0.159,0.062,0.12,0.121,0.127,0.078,0.115,0.034,0.102,0.037960506,NAPA
4R 321,70° 27' S,161° 05' E,Kavrayskiy Hills,Biotitquarzit,Wilson Metamorphic Complex,264.12,100.12,2.638,0.026448605,,0.027,0.037,0.018,-0.05,-0.049,-0.02,0.021,-0.081,-0.012125,0.041153486,NAPA
4R 321 II,70° 27' S,161° 05' E,Kavrayskiy Hills,Biotitquarzit,Wilson Metamorphic Complex,699.56,260.2,2.689,0.01037105,,0.125,0.125,0.155,0.025,0.045,-0.001,0.085,0.128,0.085875,0.053078803,NAPA
4R 304,70° 27' S,161° 05' E,Kavrayskiy Hills,Quartzite,Wilson Metamorphic Complex,417.34,157,2.658,0.01699501,,0.129,0.165,0.181,0.152,0.232,0.073,0.17,0.216,0.16475,0.046502016,NAPA
4R 304,70° 27' S,161° 05' E,Kavrayskiy Hills,Biotit-schist,Wilson Metamorphic Complex,343.35,120.6,2.847,0.023690008,,0.854,1.041,0.686,0.871,0.612,0.867,0.776,0.856,0.820375,0.122095186,NAPA
GA 6406 Md,74° 36' S,163° 50' E,NW to Snowy Point,Bt-Quartzite,Wilson Metamorphic Complex,194.89,74.36,2.621,0.035380559,,0.144,0.192,0.177,0.18,0.179,0.16,0.19,0.17,0.174,0.014840822,NAPA
GA 6406 Mg,74° 36' S,163° 50' E,NW to Snowy Point,Bt-Quartzite,Wilson Metamorphic Complex,294.15,107,2.749,0.025785658,,0.319,0.227,0.309,0.193,0.322,0.331,0.261,0.196,0.26975,0.054407605,NAPA
4G 7007B,74° 27' S,163° 59' E,Boumerang Glacier between Mt. Dickason und Mt. Keinath,Bt-Schist,Wilson Metamorphic Complex,608.27,229,2.656,0.011642799,,0.14,0.134,0.133,0.131,0.1,0.101,0.114,0.135,0.1235,0.015041609,NAPA
GA 6582,72° 56' S,165° 47' E,SW to Mariner Glacier,dark Mica-Quarzit,Wilson Metamorphic Complex,866.75,316,2.743,0.008711645,,0.243,0.221,0.096,0.223,0.156,0.105,0.015,0.134,0.149125,0.07286192,NAPA
GA 6582,72° 56' S,165° 47' E,SW to Mariner Glacier,dark Mica-Quarzit,Wilson Metamorphic Complex,659.11,223.7,2.946,0.013215921,,0.469,0.248,0.336,0.467,0.327,0.4,0.322,0.339,0.3635,0.071524471,NAPA
GA 6403 G,74° 37' S,163° 40' E,"Cape Sastrugi, east to the Gondwana-Station",Gneiss,Wilson Metamorphic Complex,429.35,162.9,2.636,0.016241044,,-0.001,0.068,0.033,0.072,-0.016,0.004,0.031,0.032,0.027875,0.029450966,NAPA
4R 170 G,74° 29' S,164° 01' E,northern Mt. Keinath,Gneiss,Wilson Metamorphic Complex,670.48,249,2.693,0.01085418,,0.147,0.17,0.203,0.169,0.151,0.19,0.17,0.151,0.168875,0.018475913,NAPA
GA 6403 Ø,74° 37' S,163° 40' E,"Cape Sastrugi, east to the Gondwana-Station",Orthogneiss,Wilson Metamorphic Complex,488.04,187,2.61,0.014009837,,0.078,0.058,0.052,0.046,0.059,0.086,0.042,0.046,0.058375,0.014848716,NAPA
GA 6406 Oa,74° 36' S,163° 50' E,NW to Snowy Point,Orthogneiss,Wilson Metamorphic Complex,303.01,111,2.73,0.024683061,,0.211,0.161,0.183,0.235,0.198,0.205,0.244,0.254,0.211375,0.02958436,NAPA
GA 6406 Ob,74° 36' S,163° 50' E,NW to Snowy Point,Orthogneiss,Wilson Metamorphic Complex,525.84,192.5,2.732,0.014242267,,0.159,0.202,0.247,0.255,0.105,0.253,0.017,0.23,0.1835,0.079815412,NAPA
GA 6406 MA1,74° 36' S,163° 50' E,NW to Snowy Point,Pegmatite with Andalusite,Wilson Metamorphic Complex,359.82,138.4,2.6,0.018857337,,-0.001,0.014,-0.002,-0.007,-0.003,-0.005,-0.002,-0.004,-0.00125,0.006036348,NAPA
GA 6406 MA2,74° 36' S,163° 50' E,NW to Snowy Point,Pegmatite with Andalusite,Wilson Metamorphic Complex,322.96,123.3,2.619,0.021324432,,-0.002,0.004,0.005,-0.006,0.02,-0.03,0.024,-0.006,0.001125,0.01574355,NAPA
GA 6406 MA4,74° 36' S,163° 50' E,NW to Snowy Point,Pegmatite with Andalusite,Wilson Metamorphic Complex,1598.23,602,2.655,0.00442669,,0.077,0.062,0.079,0.001,0.082,-0.014,0.001,0.014,0.03775,0.038294092,NAPA
GA 6406 MA6,74° 36' S,163° 50' E,NW to Snowy Point,Pegmatite with Andalusite,Wilson Metamorphic Complex,414.65,160.8,2.579,0.016098689,,0.003,0.003,0.003,0.01,-0.005,-0.02,-0.003,-0.001,-0.00125,0.008287792,NAPA
4R 170 Q,74° 29' S,164° 01' E,northern Mt. Keinath,Quartzite,Wilson Metamorphic Complex,518.7,196,2.646,0.013553207,,0.016,0.067,0.088,0.09,0.1,0.076,0.073,0.076,0.07325,0.023836684,NAPA
4R 138,74° 07' S,163° 14' E,between Capsize and Priestley Glacier,Quartzite,Wilson Metamorphic Complex,203.74,78.13,2.608,0.033504481,,-0.008,0.014,0.008,-0.011,-0.001,0.009,0.012,0.008,0.003875,0.008766948,NAPA
4R 142,74° 07' S,163° 14' E,between Capsize and Priestley Glacier,Quartzite,Wilson Metamorphic Complex,115.71,44.44,2.604,0.058814927,,0.079,0.056,0.077,0.078,0.076,0.074,0.048,0.064,0.069,0.010920165,NAPA
4R 147,74° 07' S,163° 14' E,between Capsize and Priestley Glacier,Quartzite,Wilson Metamorphic Complex,811.27,298,2.722,0.009169069,,0.053,0.039,0.07,0.025,0.028,0.073,0.065,0.07,0.052875,0.018462377,NAPA
4R 148,74° 07' S,163° 14' E,between Capsize and Priestley Glacier,Quartzite,Wilson Metamorphic Complex,886.75,333,2.663,0.008026766,,0.063,0.083,0.077,0.028,0.041,0.022,0.028,0,0.04275,0.0271558,NAPA
GA 6300 F,71° 01' S,160° 11' E,N Daniels Range,Bt-Gneiss,Wilson Metamorphic Complex,125.55,46.99,2.672,0.057072677,,0.171,0.176,0.186,0.12,0.166,0.196,0.159,0.15,0.1655,0.02192031,NAPA
GA 6300 F,71° 01' S,160° 11' E,N Daniels Range,Bt-Gneiss,Wilson Metamorphic Complex,274.08,102.8,2.666,0.026032567,,0.11,0.124,0.176,0.185,0.136,0.12,0.08,0.197,0.141,0.038298172,NAPA
4G 2008,71° 33' S,159° 51' E,"Daniels Range, Mt. Burnham",Orthogneiss,Wilson Metamorphic Complex,1480.22,566,2.615,0.004638215,,0.008,-0.001,0.096,0.056,0.055,-0.004,0.042,-0.001,0.031375,0.034183101,NAPA
4R 422 S,69° 13' S,157° 47' E,"Harald Bay, eastern to Matusevich Glacier",Garnet-Pegmatite,Wilson Metamorphic Complex,296.14,104.81,2.825,0.027053657,,0.161,0.103,0.109,0.268,0.059,-0.001,0.211,0.162,0.134,0.07971355,NAPA
4B 002 b,69° 12' S,157° 09' E,Burnside Ridge (Mitte),Amphibolite,Wilson Metamorphic Complex,394.08,125.67,3.136,0.025032481,,0.326,0.316,0.43,0.33,0.264,0.157,0.136,0.341,0.2875,0.092062479,NAPA
GA 6511 P,73° 30' S,166° 58' E,"Mountaineer Range, No Ridge, SW to Suter Glacier",Phonolite,Meander Intrusives,84.23,34.57,2.437,0.070769616,,0.165,0.165,0.146,0.134,0.134,0.11,0.143,0.129,0.14075,0.017260866,NAPA
GA 6511 P,73° 30' S,166° 58' E,"Mountaineer Range, No Ridge, SW to Suter Glacier",Phonolite,Meander Intrusives,116.73,47.8,2.442,0.051298122,,0.48,0.454,0.501,0.272,0.268,0.329,0.462,0.222,0.3735,0.105045228,NAPA
GA 6511 P,73° 30' S,166° 58' E,"Mountaineer Range, No Ridge, SW to Suter Glacier",Phonolite,Meander Intrusives,263.63,111,2.375,0.021486892,,0.784,0.655,0.633,0.599,0.64,0.523,0.624,0.6,0.63225,0.068698162,NAPA
GA 6510 L,73° 30' S,166° 58' E,"Mountaineer Range, No Ridge, SW to Suter Glacier",Phonolite,Meander Intrusives,137.98,51.09,2.701,0.053057824,,0.228,0.302,0.347,0.475,0.293,0.287,0.385,0.239,0.3195,0.07594735,NAPA
GA 6510 S,73° 30' S,166° 58' E,"Mountaineer Range, No Ridge, SW to Suter Glacier",Syenite,Meander Intrusives,187.79,74.13,2.533,0.034308005,,0.581,0.482,0.529,0.572,0.33,0.5,0.51,0.306,0.47625,0.096846205,NAPA
GA 6510 S,73° 30' S,166° 58' E,"Mountaineer Range, No Ridge, SW to Suter Glacier",Syenite,Meander Intrusives,384.5,152.39,2.523,0.016622688,,0.869,0.771,0.744,0.668,0.792,0.677,0.601,0.656,0.72225,0.081648255,NAPA
GA 6510 S,73° 30' S,166° 58' E,"Mountaineer Range, No Ridge, SW to Suter Glacier",Syenite,Meander Intrusives,245.37,100.6,2.439,0.024344589,,0.185,0.158,0.11,0.241,0.156,0.158,0.242,0.24,0.18625,0.046531575,NAPA
4R 120,74° 40' S,164° 04' E,Gerlach Inlet (south to Mt. Browing),Gneiss,Wilson Metamorphic Complex,202.77,74.5,2.722,0.036667718,,0.176,0.206,0.08,0.203,0.163,0.152,0.162,0.127,0.158625,0.038359932,NAPA
4R 133 qt,74° 02' S,163° 20' E,Capsize Glacier,Priestley-Quartzite,Wilson Metamorphic Complex,375.8,141,2.665,0.018973392,,0.071,0.074,0.051,0.137,0.112,0.076,0.02,0.073,0.07675,0.033187912,NAPA
4R 135 N,74° 02' S,163° 20' E,Capsize Glacier,Priestley-Quartzite,Wilson Metamorphic Complex,352.18,132.5,2.658,0.020135564,,0.047,0.012,0.06,0.024,-0.03,0.045,-0.038,0.028,0.0185,0.033436507,NAPA
4R 133 ms,74° 02' S,163° 20' E,Capsize Glacier,Priestley-schist,Wilson Metamorphic Complex,193.89,71.71,2.704,0.037844192,,0.188,0.119,0.118,0.1,0.179,0.132,0.141,0.146,0.140375,0.028394267,NAPA
4R 168 Pb,74° 24' S,163° 57' E,west to Mt. Dickason,Priestley-schist,Wilson Metamorphic Complex,486.26,184.2,2.64,0.014385711,,0.101,0.124,0.074,0.125,0.129,0.099,0.05,0.157,0.107375,0.031689657,NAPA
4R 168 Pq,74° 24' S,163° 57' E,west to Mt. Dickason,Priestley-schist,Wilson Metamorphic Complex,376.23,139.3,2.701,0.019460599,,0.196,0.259,-0.003,0.017,0.087,0.132,0.174,0.21,0.134,0.087689794,NAPA
4R 402,69° 37' S,157° 26' E,"west to Matusevich Glacier, Lazarev Mountains",Biotitquartzite,Wilson Metamorphic Complex,793.6,306.7,2.588,0.008469334,,0.052,0.016,0.002,0.058,0.005,0,-0.025,-0.034,0.00925,0.030515365,NAPA
4R 357,69° 41' S,159° 14' E,"Noll Glacier, south to Leningradskaya Station",Biotitquartzite,Wilson Metamorphic Complex,1146.64,423.8,2.706,0.006407777,,0.068,0.076,0.152,0.055,0.086,0.152,0.147,0.29,0.12825,0.071722991,NAPA
4R 341,69° 51' S,159° 29' E,Stevenson Bluff,Gneiss,Wilson Metamorphic Complex,1483.53,545,2.722,0.005012979,,0.138,0.079,0.172,0.203,0.157,0.169,0.062,0.19,0.14625,0.04759136,NAPA
4R 406 S,69° 47' S,158° 10' E,"east to Matusevich GlacierDeRemer Nunataks, south",Orthogneiss,Wilson Metamorphic Complex,927.83,347.7,2.668,0.007703418,,3.386,5.453,1.537,4.498,4.847,5.271,5.459,4.815,4.40825,1.254740486,NAPA
4R 409 c,69° 11' S,156° 03' E,Berg Mountains,schist,Berg Group,380.89,144.3,2.64,0.018361541,,0.045,0.012,0.023,-0.017,0.036,0.023,0.061,-0.085,0.01225,0.042657795,NAPA
4R 416,69° 21' S,156° 07' E,NW to Archangel Nunataks,schist,Berg Group,178.04,69.37,2.567,0.037141809,,0.034,0.071,0.067,0.069,-0.018,0.073,0.094,0.081,0.058875,0.033103767,NAPA
4R 416,69° 21' S,156° 07' E,NW to Archangel Nunataks,schist,Berg Group,708.14,260.6,2.717,0.010465635,,0.167,0.217,0.129,0.272,0.201,0.26,0.228,0.294,0.221,0.051594573,NAPA
4B 003,69° 13' S,157° 10' E,Burnside Ridge (south),Garnet Gneiss,Wilson Metamorphic Complex,108.89,35.48,3.069,0.086782779,,0.43,0.433,0.43,0.435,0.465,0.475,0.478,0.377,0.440375,0.030691764,NAPA
4M 618 or1,69° 13' S,158° 02' E,"coast, Williamson Head",Pegmatite,Wilson Metamorphic Complex,838.45,327.8,2.558,0.007833464,,0.025,-0.02,0.021,0.029,0.023,-0.031,-0.014,0.001,0.00425,0.021935986,NAPA
4R 416,69° 21' S,156° 07' E,nordwestliche Archangel Nunataks,Clayschist,Berg Group,372.1,142,2.62,0.018524102,,0.277,0.242,0.22,0.182,0.219,0.228,0.249,0.145,0.22025,0.038254902,NAPA
4R 434,69° 14' S,156° 54' E,Drury Nunatak Nord,Biotitgneiss,Wilson Metamorphic Complex,426.86,160,2.668,0.016736719,,0.251,0.253,0.249,0.264,0.2,0.255,0.243,0.187,0.23775,0.026337948,NAPA
4R 422 NHN,69° 13' S,157° 47' E,"Harald Bay, east to Matusevich Glacier",Biotitgneiss,Wilson Metamorphic Complex,643.68,235.6,2.732,0.011638745,,0.075,0.124,0.14,0.119,0.141,0.071,0.097,0.086,0.106625,0.026310347,NAPA
4R 422 NHN,69° 13' S,157° 47' E,"Harald Bay, east to Matusevich Glacier",Biotitgneiss,Wilson Metamorphic Complex,340.72,120.3,2.832,0.023626373,,0.199,0.346,0.351,0.323,0.251,0.137,0.278,0.227,0.264,0.070588597,NAPA
4R 433 nm,69° 15' S,156° 58' E,"Reynolds Peak, west to Matusevich Glacier",Biotitquartzite,Wilson Metamorphic Complex,341.48,124.6,2.741,0.022075521,,0.254,0.22,0.193,0.123,0.121,0.259,0.258,0.208,0.2045,0.052775468,NAPA
4R 423 Esf,69° 09' S,157° 02' E,Coombes Ridge (west to Matusevich Glacier),Biotitquartzite,Wilson Metamorphic Complex,502.48,185.9,2.703,0.014593645,,0.183,0.198,0.199,0.187,0.159,0.144,0.121,0.141,0.1665,0.027440845,NAPA
4R 423 Esf,69° 09' S,157° 02' E,Coombes Ridge (west to Matusevich Glacier),Biotitquartzite,Wilson Metamorphic Complex,472.44,175,2.7,0.015483755,,0.183,0.012,0.012,0.052,0.094,0.032,0.1,0.196,0.085125,0.067811204,NAPA
4R 423 Wsf,69° 09' S,157° 02' E,Coombes Ridge (west to Matusevich Glacier),Biotitquartzite,Wilson Metamorphic Complex,743.89,255.8,2.908,0.01140771,,0.42,0.446,0.484,0.397,0.499,0.4,0.482,0.358,0.43575,0.046964747,NAPA
4R 422 S,69° 13' S,157° 47' E,"Harald Bay, east to Matusevich Glacier",Garnet-Pegmatite,Wilson Metamorphic Complex,860.07,305.1,2.819,0.009272296,,0.299,0.215,0.258,0.234,0.244,0.288,0.234,0.338,0.26375,0.038589992,NAPA
4R 422 E,69° 13' S,157° 47' E,"Harald Bay, east to Matusevich Glacier",Garnet Gneiss,Wilson Metamorphic Complex,1336.07,423.5,3.155,0.007473031,,0.544,0.541,0.528,0.57,0.546,0.596,0.51,0.217,0.5065,0.112073637,NAPA
4R 420 Na,69° 11' S,156° 49' E,North to Drury Nunatak,Granite,Wilson Metamorphic Complex,761.23,293.55,2.593,0.00886795,,0.004,-0.049,-0.039,-0.01,0.046,0.05,0.04,-0.01,0.004,0.035752622,NAPA
4R 423 Epx,69° 09' S,157° 02' E,Coombes Ridge (west to Matusevich Glacier),Pyroxen rock,Wilson Metamorphic Complex,383.51,129,2.973,0.02312361,,0.145,0.124,0.09,0.101,0.113,0.153,0.1,0.143,0.121125,0.022245435,NAPA
4R 423 Epx,69° 09' S,157° 02' E,Coombes Ridge (west to Matusevich Glacier),Pyroxen rock,Wilson Metamorphic Complex,1136.36,385,2.952,0.007692427,,0.096,0.092,0.085,0.0134,0.0123,0.04,0.139,0.091,0.0710875,0.04184852,NAPA
4R 423 gpkn,69° 09' S,157° 02' E,Coombes Ridge (west to Matusevich Glacier),pyroxenite,Wilson Metamorphic Complex,140.8,45.84,3.072,0.067224111,,0.225,0.301,0.201,0.283,0.151,0.248,0.19,0.244,0.230375,0.04620048,NAPA
4R 423 gpkn,69° 09' S,157° 02' E,Coombes Ridge (west to Matusevich Glacier),pyroxenite,Wilson Metamorphic Complex,1750.95,637,2.749,0.004330838,,0.131,0.235,0.019,0.056,0.323,0.053,0.293,0.18,0.16125,0.107968456,NAPA
4R 419 II 2/3,69° 14' S,156° 54' E,Drury Nunatak,Sillimanitgneiss,Wilson Metamorphic Complex,1374.38,522,2.633,0.00506305,,0.054,0.051,0.083,0.107,0.118,0.1,0.06,0.038,0.076375,0.027744087,NAPA
4R 419 II 4,69° 14' S,156° 54' E,Drury Nunatak,Sillimanitgneiss,Wilson Metamorphic Complex,681.78,262,2.602,0.009970281,,0.134,0.209,0.118,0.175,0.218,0.212,0.094,0.165,0.165625,0.043677619,NAPA
4R 422 N,69° 13' S,157° 47' E,"Harald Bay, east to Matusevich Glacier",Ultrabasit,Wilson Metamorphic Complex,172.17,61.58,2.796,0.045564717,,0.059,0.069,0.042,0.067,0.06,0.11,0.082,0.057,0.06825,0.019050919,NAPA
4R 422 N,69° 13' S,157° 47' E,"Harald Bay, east to Matusevich Glacier",Ultrabasit,Wilson Metamorphic Complex,296.88,101.58,2.923,0.028870078,,0.868,0.386,0.899,0.321,0.362,0.585,0.508,0.53,0.557375,0.206324949,NAPA
GA 6545 I,73° 15' S,166° 11' E,"am Meander Glacier, North",Bt-Gneiss,Wilson Metamorphic Complex,313.06,115.4,2.713,0.02359467,,0.157,0.157,0.152,0.085,0.059,0.107,0.076,0.07,0.107875,0.038950088,NAPA
GA 6545 I,73° 15' S,166° 11' E,"Meander Glacier, North",Bt-Gneiss,Wilson Metamorphic Complex,134.12,50.41,2.661,0.052977251,,0.142,0.036,0.085,0.078,0.174,0.103,0.057,0.14,0.101875,0.043981353,NAPA
GA 6548 K,73° 14' S,166° 11' E,"Meander Glacier, North",Calc–silicate rock,Wilson Metamorphic Complex,812.71,294.48,2.76,0.009405779,,0.245,0.032,0.231,0.154,-0.004,0.201,0.261,0.085,0.150625,0.095122208,NAPA
GA 6548 K,73° 14' S,166° 11' E,"Meander Glacier, North",Calc–silicate rock,Wilson Metamorphic Complex,1111.19,366.7,3.03,0.008290817,,0.418,0.291,0.421,0.371,0.348,0.367,0.394,0.292,0.36275,0.047275126,NAPA
GA 6548 K,73° 14' S,166° 11' E,"Meander Glacier, North",Calc–silicate rock,Wilson Metamorphic Complex,1008.81,330.8,3.05,0.009249114,,0.298,0.28,0.427,0.329,0.339,0.456,0.48,0.404,0.376625,0.070245885,NAPA
GA 6551 L,73° 12' S,166° 08' E,NW Argonaut Glacier,Orthogneiss,Wilson Metamorphic Complex,513.37,190.5,2.695,0.014198717,,0.145,0.112,0.146,0.054,0.029,0.177,0.106,0.119,0.111,0.045825757,NAPA
GA 6551 L,73° 12' S,166° 08' E,NW Argonaut Glacier,Orthogneiss,Wilson Metamorphic Complex,405.84,147.5,2.751,0.018721747,,0.154,0.214,0.202,0.162,0.178,0.172,0.13,0.17,0.17275,0.02471715,NAPA
3132,69° 13.8' S,156° 55.7' E,Lazarev Mountains; Drury Nunatak,Sillimanite-Gneiss,Wilson Metamorphic Complex,802.43,301.9,2.658,0.008837142,,0.086,0.097,0.146,0.143,0.123,0.115,0.146,0.178,0.12925,0.028016736,NAPA
DA  20g,71° 40' S,170° 05' E,Robertson Bay,Greywacke,Robertson Bay Group,675.04,254,2.658,0.010502511,,0.039,0.039,0.109,0.108,0.083,0.146,0.11,0.131,0.095625,0.036911846,NAPA
DA  39,,,Robertson Bay,Greywacke,Robertson Bay Group,202.85,74.99,2.705,0.036205192,,0.063,0.045,0.036,0.047,0.01,0.049,0.09,0.016,0.0445,0.023753947,NAPA
DA  53b0,71° 06' S,164° 03' E,Raum Lillie Glacier,Clayschist,Robertson Bay Group,196.03,73,2.685,0.0369225,,0.035,0.146,0.14,0.139,0.058,0.123,0.061,0.006,0.0885,0.051300585,NAPA
DA  53b0 I,71° 06' S,164° 03' E,Raum Lillie Glacier,Clayschist,Robertson Bay Group,515.1,189,2.725,0.014472999,,0.166,0.027,0.092,-0.009,0.114,0.221,0.031,0.065,0.088375,0.071913033,NAPA
DA  53b0 II,71° 06' S,164° 03' E,Raum Lillie Glacier,Clayschist,Robertson Bay Group,187.31,70,2.676,0.038369388,,0.13,0.175,0.141,0.093,0.159,0.144,0.166,0.162,0.14625,0.024391341,NAPA
DA  23c,,,Robertson Bay,Clayschist,Robertson Bay Group,126.51,46.4,2.727,0.058976479,,0.308,0.179,0.163,0.061,0.156,0.199,0.192,0.165,0.177875,0.063349107,NAPA
DA  25c,,,Robertson Bay,Clayschist,Robertson Bay Group,560.11,201.9,2.774,0.013789971,,0.317,0.299,0.223,0.241,0.242,0.209,0.246,0.301,0.25975,0.037585735,NAPA
DA 209,71° 32' S,163° 08' E,Lanterman Range,Amphibolite,Bowers Supergroup,597.64,209.3,2.855,0.013690506,,0.33,0.349,0.384,0.072,0.381,0.898,0.253,0.227,0.36175,0.224593939,NAPA
DA 209,71° 32' S,163° 08' E,Lanterman Range,Amphibolite,Bowers Supergroup,954.09,324,2.945,0.009119513,,0.44,0.142,0.424,0.322,0.241,0.257,0.283,0.365,0.30925,0.093262734,NAPA
GA 405 I,71° 07' S,164° 03' E,top Mt. Mullach,Phyllit,Robertson Bay Group,57.78,22.7,2.545,0.112571562,,0.073,0.078,0.054,0.075,0.07,0.084,0.08,0.083,0.074625,0.008999132,NAPA
GA 405,71° 07' S,164° 03' E,top Mt. Mullach,Phyllit,Robertson Bay Group,215.76,81.7,2.641,0.032446527,,0.137,0.075,-0.002,0.124,0.142,0.128,0.067,0.137,0.101,0.047397257,NAPA
GA 402,71° 07' S,164° 05' E,"Posey Range,  north of  Mt. Mullach",Phyllit,Robertson Bay Group,49.74,18.95,2.625,0.139039689,,0.164,0.153,0.171,0.134,0.157,0.169,0.186,0.104,0.15475,0.023831439,NAPA
GA 404 b0 II,71° 07' S,164° 05' E,"Posey Range,  north of Mt. Mullach",Phyllit,Robertson Bay Group,200.82,75.74,2.651,0.035139149,,0.255,0.248,0.222,0.235,0.185,0.163,0.106,0.101,0.189375,0.057408487,NAPA
4R 230,73° 23' S,166° 38' E,Dessent Ridge,Amphibolite,Wilson Schist,318.98,115,2.774,0.024206427,,0.275,0.3,0.291,0.323,0.336,0.364,0.373,0.346,0.326,0.032908965,NAPA
4R 231,73° 27' S,166° 38' E,"Dessent Ridge, south",Granet-amphibol-schist,Wilson Schist,196.07,68.09,2.88,0.042437526,,0.249,0.296,0.269,0.289,0.262,0.289,0.285,0.3,0.279875,0.016766317,NAPA
4R 231,73° 27' S,166° 38' E,"Dessent Ridge, south",Granet amphibol schist,Wilson Schist,732.88,262.2,2.795,0.010698391,,0.204,0.263,0.277,0.225,0.311,0.277,0.249,0.286,0.2615,0.032264532,NAPA
4G 4005,71° 25' S,168° 17' E,SW Wallis Glacier,Greywacke,Robertson Bay Group,58.83,22.34,2.633,0.11832556,,0.119,0.149,0.108,0.133,0.056,0.132,0.079,0.118,0.11175,0.028582119,NAPA
4G 3024,71° 23' S,164° 11' E,"Bowers Mountains, NE to NW  of the Leap Year Glacier",Greywacke,Robertson Bay Group,1691.14,640,2.642,0.004144385,,0.18,0.176,0.154,0.195,0.168,0.202,0.193,0.195,0.182875,0.015300633,NAPA
4R 353 c,70° 53' S,162° 48' E,"Bowers Mountains, Mt. Hager",Phyllit,Bowers Supergroup,107.55,42,2.561,0.061207483,,0.084,0.08,0.061,0.111,0.044,-0.02,0.103,0.052,0.064375,0.038719948,NAPA
4R 353 d,70° 53' S,162° 48' E,"Bowers Mountains, Mt. Hager",Phyllit,Bowers Supergroup,447.84,171,2.619,0.015373961,,0.139,0.158,0.104,0.062,0.161,0.093,0.104,0.064,0.110625,0.036269607,NAPA
4R 386 a,70° 42' S,162° 26' E,"Bowers Terrane, Bowers Mountains,",Clayschist,Bowers Supergroup,106.95,37.55,2.848,0.076117241,,0.318,0.316,0.345,0.391,0.332,0.267,0.243,0.307,0.314875,0.042612902,NAPA
4R 386 b,70° 42' S,162° 26' E,"Bowers Terrane, Bowers Mountains,",Clayschist,Bowers Supergroup,119.72,44,2.721,0.062066116,,0.125,0.198,0.215,0.159,0.209,0.216,0.2,0.094,0.177,0.04312192,NAPA
Ca 316,,,NVL; Carryer Glacier,greenschist,Bowers Supergroup,1299.3,489,2.657,0.005454101,,0.112,0.139,0.239,0.163,0.098,0.18,0.128,0.156,0.151875,0.041459129,NAPA
Ca 317,,,NVL; Carryer Glacier,greenschist,Bowers Supergroup,426.24,160.5,2.656,0.016608729,,0.11,0.104,0.096,0.074,0.12,0.097,0.108,0.055,0.0955,0.019824228,NAPA
Ca 318,,,NVL; Carryer Glacier,greenschist,Bowers Supergroup,436.04,162,2.692,0.016676574,,0.412,0.38,0.38,0.308,0.314,0.267,0.332,0.307,0.3375,0.045436769,NAPA
GA 6534 BEa,73° 21' S,166° 31' E,"N-Ende Dessent Ridge, am Meander Glacier",Amphibolite,Wilson Schist,383.11,130.8,2.929,0.022469232,,0.334,0.384,0.39,0.368,0.353,0.401,0.406,0.387,0.377875,0.023007811,NAPA
GA 6534 BSR,73° 21' S,166° 31' E,"North Dessent Ridge, am Meander Glacier",Mica Schist to Quartzite,Wilson Schist,437.65,158.3,2.765,0.017528031,,0.185,0.247,0.214,0.191,0.195,0.217,0.145,0.209,0.200375,0.027680939,NAPA
GA 6534 BSR,73° 21' S,166° 31' E,"North Dessent Ridge, am Meander Glacier",Mica Schist to Quartzite,Wilson Schist,201.61,73.9,2.728,0.037052045,,0.212,0.206,0.21,0.21,0.226,0.207,0.212,0.17,0.206625,0.014991143,NAPA
GA 6534 BE,73° 21' S,166° 31' E,"North Dessent Ridge, am Meander Glacier","Garnet-""Amphibolit""",Wilson Schist,359.1,123.1,2.917,0.023778558,,0.277,0.3,0.254,0.303,0.249,0.274,0.321,0.325,0.287875,0.026974235,NAPA
GA 6534 BE,73° 21' S,166° 31' E,"North Dessent Ridge, am Meander Glacier","Garnet-""Amphibolit""",Wilson Schist,629.5,222,2.836,0.012817953,,0.3,0.158,0.347,0.165,0.166,0.296,0.293,0.316,0.255125,0.073113674,NAPA
GA 6569,73° 23' S,166° 34' E,North Dessent Ridge,Granat-Gneiss,Wilson Schist,266.96,97.2,2.747,0.028359075,,7.22,6.79,18.88,16.76,12.63,18.46,13.42,11.1,13.1575,4.390628514,NAPA
GA 6569,73° 23' S,166° 34' E,North Dessent Ridge,Granat-Gneiss,Wilson Schist,857.12,308.5,2.778,0.009038401,,8.124,6.246,3.29,7.317,5.292,8.013,7.761,7.57,6.701625,1.574472685,NAPA
GA 6569,73° 23' S,166° 34' E,North Dessent Ridge,Garnet-Gneiss,Wilson Schist,147.15,54.35,2.707,0.049999111,,16.07,17.36,15.44,16.95,18.46,18.37,16.3,18.53,17.185,1.117821542,NAPA
GA 6570 h,73° 23' S,166° 39' E,North Dessent Ridge,Hornblende-Gneiss,Wilson Schist,306.33,114.4,2.678,0.023493967,,0.011,0.052,0.037,0.086,0.049,0.084,0.1,0.131,0.06875,0.036047711,NAPA
GA 6570 h,73° 23' S,166° 39' E,North Dessent Ridge,Hornblende-Gneiss,Wilson Schist,530.6,196.5,2.7,0.013792644,,0.191,0.065,0.136,0.12,0.06,0.182,0.111,0.046,0.113875,0.051262651,NAPA
GA 6556 Q,73° 07' S,166° 09' E,SW Gair Glacier,Greywacke,Bowers Supergroup,525.57,173.9,3.022,0.017436769,,0.624,0.519,0.594,0.497,0.48,0.559,0.591,0.544,0.551,0.047265209,NAPA
GA 6556 Q,73° 07' S,166° 09' E,SW Gair Glacier,Greywacke,Bowers Supergroup,651.8,218.2,2.987,0.013735874,,0.356,0.374,0.308,0.391,0.298,0.358,0.398,0.405,0.361,0.037393181,NAPA
GA 6556 Q,73° 07' S,166° 09' E,SW Gair Glacier,Greywacke,Bowers Supergroup,848.29,280.6,3.023,0.010809441,,0.699,0.711,0.732,0.678,0.672,0.637,0.703,0.688,0.69,0.026776856,NAPA
GA 6554 S O,73° 08' S,166° 13' E,Between Argonaut and Gear Glacier,sandstone,Bowers Supergroup,387.01,145,2.669,0.0184761,,0.87,0.111,0.008,0.129,0.086,0.64,0.159,0.136,0.267375,0.290427245,NAPA
GA 6554 S O,73° 08' S,166° 13' E,Between Argonaut and Gear Glacier,sandstone,Bowers Supergroup,349.57,130.5,2.679,0.020603045,,0.07,0.058,0.041,0.084,0.088,0.064,0.069,0.073,0.068375,0.013828752,NAPA
GA 6534 BNE,73° 21' S,166° 31' E,"N Dessent Ridge, at Meander Glacier",marble,Wilson Schist,392.91,147,2.673,0.018250729,,0.002,0.008,0.001,0.007,-0.005,0.026,0.034,0.034,0.013375,0.014576844,NAPA
GA 6534 BNEB,73° 21' S,166° 31' E,"N Dessent Ridge, at Meander Glacier",marble,Wilson Schist,1720.97,659,2.611,0.003977977,,0.026,0.01,0.036,0.056,-0.03,0.49,0.031,-0.012,0.075875,0.158609928,NAPA
GA 6555 SP,73° 07' S,166° 16' E,between Argonaut and Gear Glacier,sandstone,Bowers Supergroup,162.26,62.9,2.58,0.04117091,,0.037,0.088,0.078,0.024,0.094,0.071,0.018,0.043,0.056625,0.027775608,NAPA
4R 381 a,70° 41' S,162° 40' E,"Boundary Bowers/Millen, south to Barber Glacier",greenschist,Millen Schist,735.09,269,2.733,0.010195824,,0.409,0.374,0.369,0.433,0.348,0.373,0.462,0.351,0.389875,0.038185198,NAPA
Ca 102,,,NVL; Carryer Glacier,Metasandstone,Bowers Supergroup,1380.1,515,2.68,0.005222924,,0.091,0.125,0.048,0.122,0.085,0.09,0.124,0.127,0.1015,0.026234519,NAPA
Ca 144,,,NVL; Carryer Glacier,Metasandstone,Bowers Supergroup,1179.14,437,2.698,0.006197393,,0.056,0.033,0.013,0.026,0.078,0.05,0.02,0.075,0.043875,0.023127027,NAPA
Ca 325,,,NVL; Carryer Glacier,Metasandstone,Bowers Supergroup,1049.64,380.6,2.758,0.007272349,,0.15,0.358,0.363,0.202,0.242,0.357,0.326,0.225,0.277875,0.077809764,NAPA
Ca 65,,,NVL; Carryer Glacier,Metasandstone,Bowers Supergroup,1157.95,438,2.644,0.006058725,,0.122,0.122,0.088,0.128,0.155,0.126,0.143,0.131,0.126875,0.018127586,NAPA
Ca 360,,,NVL; Carryer Glacier,Metasandstone,Bowers Supergroup,689.42,265,2.602,0.009855037,,0.158,0.134,0.13,0.18,0.184,0.163,0.147,0.159,0.156875,0.018223868,NAPA
Ca 235,,,NVL; Carryer Glacier,Metasandstone,Bowers Supergroup,413.05,157,2.631,0.016820966,,0.165,0.204,0.22,0.223,0.204,0.202,0.223,0.236,0.209625,0.020229542,NAPA
Ca 140,,,NVL; Carryer Glacier,Metasandstone,Bowers Supergroup,212.44,79.6,2.669,0.033653822,,0.046,0.032,0.028,0.033,0.074,0.005,0.079,0.087,0.048,0.027138533,NAPA
Ca 232,,,NVL; Carryer Glacier,Schist,Bowers Supergroup,885.58,333,2.659,0.008016214,,0.038,0.016,0.039,0.075,0.06,0.05,0.125,0.073,0.0595,0.030777427,NAPA
Ca 227,,,NVL; Carryer Glacier,Metaconglomerate,Bowers Supergroup,493.36,185,2.667,0.014469248,,0.201,0.196,0.179,0.175,0.178,0.185,0.185,0.183,0.18525,0.008407586,NAPA
3182,69° 37.4' S,156° 50.8' E,Lazarev Mts.; Unnam. Nun. N of Rescue Nun.,Gabbro (Diorite?),Oates Coast Granites,621.27,217,2.863,0.01323961,,36.36,30.2,30.64,38.54,24.66,24.13,34.99,26.27,30.72375,5.140838787,NAPA
3188B,69° 35.7' S,156° 49.8' E,Lazarev Mts.; Unnam. Nun. N of Rescue Nun.,Gabbro,Oates Coast Granites,761.29,247,3.082,0.012518809,,4.206,5.308,5.382,5.057,4.701,3.828,3.663,3.675,4.4775,0.679761171,NAPA
3185,69° 35.7' S,156° 49.8' E,Lazarev Mts.; Unnam. Nun. N of Rescue Nun.,Gabbro,Oates Coast Granites,638.63,217,2.943,0.013608274,,27.52,28.66,22.59,28,19.19,16.61,28.03,22.5,24.1375,4.303805729,NAPA
SHB06-RS25,74° 00' S,162° 36' E,"Shafer Peak N-Ridge, Deep Freeze Range",tuff,Exposure Hill type deposits,1476.02,630,2.343,0.003734744,,0.049,0.044,0.016,0.069,0.03,0.01,0.129,0.1,0.055875,0.038760281,NAPA
4G 3015,71° 28' S,164° 04' E,"Bowers Mountains, NE to NW  to the Leap Year Glacier",Millen Schist,Millen Schist,1066.84,400,2.667,0.00669275,,0.343,0.289,0.301,0.27,0.224,0.172,0.268,0.264,0.266375,0.047835493,NAPA
4G 3017,71° 28' S,164° 03' E,"Bowers Mountains, NE to NW  to the Leap Year Glacier",Millen Schist,Millen Schist,710.15,269,2.64,0.009851163,,0.132,0.214,0.212,0.17,0.176,0.214,0.223,0.215,0.1945,0.02989147,NAPA
4G 3033,71° 26' S,163° 56' E,"Bowers Mountains, NE to NW  to the Leap Year Glacier",Millen Schist,Millen Schist,750.25,282,2.66,0.00946972,,0.013,0.01,0.02,0.102,0.165,0.176,0.057,0.038,0.072625,0.063019714,NAPA
4G 3033,71° 26' S,163° 56' E,"Bowers Mountains, NE to NW  to the Leap Year Glacier",Millen Schist,Millen Schist,1526.11,569,2.682,0.004731268,,0.189,0.196,0.203,0.112,0.151,0.145,0.167,0.077,0.155,0.04082585,NAPA
4G 3012 a,70° 31' S,162° 38' E,SW Barber Glacier,Serpentinit,Millen Schist,1358.45,496,2.739,0.005541957,,0.677,0.684,0.66,0.649,0.666,0.691,0.697,0.55,0.65925,0.043942434,NAPA
EH02-2,73° 32' S,162° 45' E,"SW-Ridge of Gair Mesa, close to Exposure Hill, Upper Rennick Glacier",tuff,Exposure Hill type deposits,969.59,444,2.184,0.004940904,,5.19,4.649,5.142,4.499,5.153,4.857,4.584,5.278,4.919,0.289865486,NAPA
CE11e-JS1,73° 27' S,163° 11' E,"Mt. Carson E-Ridge, Southern Cross Mountains",tuff/tuffite,Exposure Hill type deposits,989.51,456,2.17,0.004780654,,0.131,0.296,0.297,0.251,0.274,0.3,0.249,0.418,0.277,0.074124895,NAPA
4B 101,67° 52' S,146° 54' E,Coast between Mertz und Ninnis Gletscher,"Granite, coarse-grained",Oates Coast Granites,49.55,18.76,2.641,0.141325053,,1.755,4.801,4.287,3.214,4.98,2.932,3.141,3.452,3.57025,1.00271628,NAPA
4B 101 b,67° 52' S,146° 54' E,Coast between Mertz und Ninnis Gletscher,"Granite, coarse-grained",Oates Coast Granites,53.7,19.55,2.747,0.141012945,,1.78,1.761,1.511,1.773,1.461,1.414,1.416,1.48,1.5745,0.155379374,NAPA
4B 101 c,67° 52' S,146° 54' E,Coast between Mertz und Ninnis Gletscher,aplitic Xenolith,Oates Coast Granites,67.46,26.53,2.543,0.096222456,,0.114,0.112,0.104,0.101,0.147,0.1,0.106,0.072,0.107,0.019345542,NAPA
NK21/112,73° 15.394',162° 53.722',"Tobin Mesa, Pinnacle Gap, south side",KPB,Kirkpatrick Basalts,90.4,33.3,2.71,,,5.742,6.756,6.019,5.8,5.392,6.446,6.645,4.934,5.96675,0.631390472,BGR
NK21/113,73° 15.394',162° 53.722',"Tobin Mesa, Pinnacle Gap, south side",KPB,Kirkpatrick Basalts,4198.1,1480,2.84,,,8.831,8.851,12.75,10.79,7.226,7.78,12.35,11.34,9.98975,2.098097693,BGR
NK21/114,73° 13.093',162° 49.555',"Tobin Mesa, NW moraine of S side of Pinnacle Gap",KPB,Kirkpatrick Basalts,866.7,303,2.86,,,6.229,5.617,5.726,4.828,5.725,5.933,6.364,6.247,5.833625,0.492800144,BGR
NK21/115,73° 11.919',162° 47.757',"Tobin Mesa, NW tip of Pinnacle Gap",KPB,Kirkpatrick Basalts,2631.7,959,2.74,,,9.37,11.62,11.61,9.242,10.14,10.45,11.83,9.85,10.514,1.046620138,BGR
NK21/116,73° 17.791',162° 43.011',"Tobin Mesa, ca. middle part of western cliff of Tobin Mesa",KPB,Kirkpatrick Basalts,3034.2,1078,2.81,,,4.609,3.736,4.692,3.372,3.684,3.585,2.243,3.933,3.73175,0.765485793,BGR
NK21/117,73° 17.791',162° 43.011',"Tobin Mesa, ca. middle part of western cliff of Tobin Mesa",KPB,Kirkpatrick Basalts,6336.1,2255,2.81,,,3.039,4.68,4.083,2.839,3.722,4.486,2.933,2.653,3.554375,0.794485986,BGR
NK21/118,73° 23.455',162° 46.526',"Tobin Mesa, Mt. Fazio Northern moraine",KPB,Kirkpatrick Basalts,5120,1850,2.77,,,6.712,8.391,6.035,6.094,6.235,5.365,6.257,8.604,6.711625,1.164223829,BGR
NK21/120,73° 23.455',162° 46.526',"Tobin Mesa, Mt. Fazio Northern moraine",KPB/tuffitic sandstone,Kirkpatrick Basalts,2014.7,905,2.23,,mostlikly tuff,0.171,0.17,0.175,0.22,0.305,0.575,0.019,0.114,0.218625,0.165528537,BGR
NK21/121,73° 23.852',162° 47.641',"Tobin Mesa, Mt. Fazio ""Tree site""",KPB,Kirkpatrick Basalts,1987.6,835,2.38,,,11.76,7.182,5.001,4.018,6.951,5.471,6.536,5.678,6.574625,2.343218784,BGR
NK21/124,73° 24.536',162° 53.285',"Gair Mesa, Veto Gap, S side",KPB,Kirkpatrick Basalts,5772.5,2040,2.83,,,3.794,3.541,2.602,3.225,3.384,4.664,3.312,4.382,3.613,0.660044804,BGR
NK21/125,73° 25.300',162° 50.144',Moraine at NW Gair Mesa at Veto Gap S of Mt. Fazio,KPB,Kirkpatrick Basalts,2454,868,2.83,,,6.328,6.514,7.26,6.018,6.619,7.364,5.777,6.91,6.59875,0.562288373,BGR
NK21/126,73° 26.583',162° 46.819',W cliff of Gair Mesa,KPB,Kirkpatrick Basalts,1680.5,600,2.8,,,11.11,6.856,10.44,10.81,10.19,10.96,11.07,10.29,10.21575,1.403101233,BGR
NK21/127,73° 26.583',162° 46.819',W cliff of Gair Mesa,KPB,Kirkpatrick Basalts,2494.3,892,2.8,,,5.208,5.11,3.505,4.82,2.288,3.515,3.328,4.809,4.072875,1.058201768,BGR
NK21/128,73° 31.451',162° 40.260',"Gair Mesa, Exposure Hill",FD,Ferrar Dolerite,2631.2,940,2.8,,,32.28,31.43,32.98,32.29,30.65,28.81,32.84,31.96,31.655,1.373285945,BGR
NK21/129,73° 31.451',162° 40.260',"Gair Mesa, Exposure Hill",KPB,Kirkpatrick Basalts,1878.9,690,2.72,,,17.09,18.4,12.8,14.1,13.01,19,15.58,17.09,15.88375,2.390295484,BGR
NK21/130,73° 31.451',162° 40.260',"Gair Mesa, Exposure Hill",KPB,Kirkpatrick Basalts,1006.3,360,2.8,,,28.78,25.16,17.27,21.52,28.2,23.99,22.26,23.17,23.79375,3.715865358,BGR
NK21/131,73° 26.967',163° 10.391',"Gair Mesa, Mt. Carson",KPB,Kirkpatrick Basalts,1797.4,701,2.56,,,0.809,1.909,1.267,1.501,1.978,1.564,1.463,1.29,1.472625,0.372463972,BGR
NK21/132,73° 26.967',163° 10.391',"Gair Mesa, Mt. Carson",KPB,Kirkpatrick Basalts,4660.9,1730,2.69,,,3.924,3.312,4.545,3.872,3.329,3.587,3.066,3.595,3.65375,0.46145848,BGR
NK21/138,73° 18.543',163° 28.344',"N Mesa Range, Runaway Hills",KPB,Kirkpatrick Basalts,2561.2,945,2.71,,,0.039,0.138,0.207,0.201,0.259,0.348,0.201,0.078,0.183875,0.098564609,BGR
NK21/139,72° 56.390',163° 42.788',"N Mesa Range, Intention Hills",KPB,Kirkpatrick Basalts,3157.4,1150,2.75,,,17.24,18.41,17.7,14.66,14.77,16.65,17.47,13.61,16.31375,1.734201648,BGR
NK21/140,72° 56.390',163° 42.788',"N Mesa Range, Intention Hills",KPB,Kirkpatrick Basalts,5253.7,2060,2.55,,weathered,6.487,3.905,4.976,5.732,6.33,3.249,4.103,8.09,5.359,1.60815582,BGR
NK21/141,72° 51.897',162° 54.519',N-tip of Pain Mesa at E cliff,KPB,Kirkpatrick Basalts,3453.3,1175,2.94,,,4.476,4.599,4.671,4.953,3.544,5.615,4.948,4.806,4.7015,0.582054244,BGR
NK21/142,72° 52.758',162° 53'668',higher midde level of Pain Mesa NW side,KPB,Kirkpatrick Basalts,1818.7,680,2.67,,weathered,5.916,5.26,5.128,5.05,5.369,5.227,5.611,5.386,5.368375,0.280292163,BGR
NK21/143,72° 52.758',162° 53'668',higher midde level of Pain Mesa NW side,KPB,Kirkpatrick Basalts,620.2,226,2.74,,,3.996,3.706,5.877,4.216,3.902,5.511,4.418,5.908,4.69175,0.920869581,BGR
NK21/144,72° 53.214',162° 54.291',Moraine at W cliff below stop 4 (Pain Mesa),KPB,Kirkpatrick Basalts,3481,1340,2.6,,,8.551,6.959,8.917,8.904,8.67,7.995,8.714,7.12,8.22875,0.789203532,BGR
NK21/145,72° 53.214',162° 54.291',Moraine at W cliff below stop 4 (Pain Mesa),KPB,Kirkpatrick Basalts,2913.2,1115,2.61,,,6.268,5.775,6.735,5.727,5.743,6.554,6.33,6.226,6.16975,0.385379868,BGR
NK21/146,72° 54.445',162° 53'033',South side of Moraine at W cliff (Pain Mesa),KPB,Kirkpatrick Basalts,2226.8,823,2.71,,,2.934,3.365,3.916,3.153,3.901,3.665,3.922,2.77,3.45325,0.464999462,BGR
NK21/147,72° 59.909',162° 21'796',NE cliff Sheehan Mesa,KPB,Kirkpatrick Basalts,3824.1,1365,2.8,,,5.816,5.326,5.074,5.869,4.979,5.056,4.903,5.839,5.35775,0.41846582,BGR
NK21/148,72° 57.607',162° 51.000',W cliff of Pain Mesa,KPB,Kirkpatrick Basalts,1967.1,742,2.65,,,13.76,15.01,15.54,12.56,12.92,14.91,12.29,14.84,13.97875,1.26171581,BGR
NK21/149,73° 51.714',162° 40.994',Mt. Diez,KPB,Kirkpatrick Basalts,3314.8,1275,2.6,,,0.459,0.435,0.479,0.251,0.3,0.331,0.295,0.405,0.369375,0.085737036,BGR
NK21/150,73° 51.714',162° 40.994',Mt. Diez,KPB,Kirkpatrick Basalts,2827.5,1130,2.5,,,0.337,0.398,0.166,0.368,0.194,0.33,0.095,0.376,0.283,0.114129,BGR
NK21/151,73° 54.142',162° 44.781',Top of unnamed mountain S of Mt. Diez,KPB,Kirkpatrick Basalts,3011.2,1150,2.62,,weathered,3.452,3.478,3.564,3.295,3.46,3.346,3.406,3.645,3.45575,0.112390582,BGR
NK21/152,73° 54.003',162° 46.658',Lower level of unnamed mountain S of Mt. Diez,KPB/tuffitic sandstone,Kirkpatrick Basalts,809,380,2.13,,tuff sandstone,0.045,0.188,0.178,0.024,0.168,0.167,0.147,0.098,0.126875,0.063444999,BGR
NK21/154,73° 54.003',162° 46.658',Lower level of unnamed mountain S of Mt. Diez,KPB,Kirkpatrick Basalts,2485.8,970,2.56,,,14.96,15.2,13.11,12.61,11.93,13.77,14.19,15.06,13.85375,1.21961279,BGR
NK21/155,74° 01.034',162° 39.626',"Shafer Peak, downfaulted block to E",KPB,Kirkpatrick Basalts,1516.3,579,2.62,,weathered and high porosity,11.48,9.037,9.474,6.817,11.48,8.117,11.36,11.05,9.851875,1.774364871,BGR
NK21/156,74° 01.034',162° 39.626',"Shafer Peak, downfaulted block to E",KPB,Kirkpatrick Basalts,3170.7,1118,2.84,,,1.864,1.781,1.806,2.192,1.826,1.473,1.777,2.158,1.859625,0.228665031,BGR
NK21/157,74° 01.034',162° 39.626',"Shafer Peak, downfaulted block to E",KPB,Kirkpatrick Basalts,2327.8,842,2.76,,,2.928,3.164,2.821,2.397,3.315,2.862,2.504,3.216,2.900875,0.329515852,BGR
NK21/105,74° 24.137',161° 45.398',little hill NE of Skinner Ridge,FD,Ferrar Dolerite,819.1,285,2.87,,,19.74,19.16,18.53,20.92,21.14,16.09,13.64,21.03,18.78125,2.672502506,BGR
NK21/106,74° 22.985',161° 52.205',hill NE of previous outcrop,FD,Ferrar Dolerite,3373,1177,2.87,,,20.15,19.64,18.13,15.36,10.22,17.41,16.83,20.59,17.29125,3.364382505,BGR
NK21/017,72° 27.042',162° 22.585',N Mesa Range,KPB,Kirkpatrick Basalts,2409.2,900,2.68,,,5.229,5.066,5.813,4.971,4.875,4.285,5.222,4.307,4.971,0.502602086,BGR
NK21/018,72° 29.085',162° 21.585',N Mesa Range,KPB,Kirkpatrick Basalts,772.8,289,2.67,,,10.39,9.346,8.608,11.84,7.903,11.4,10.59,8.587,9.833,1.433379922,BGR
NK21/019,72° 38.350',162° 21.246',N Mesa Range,KPB,Kirkpatrick Basalts,2721.7,950,2.86,,,6.879,6.848,6.177,6.128,7.306,7.333,6.099,5.694,6.558,0.613480469,BGR
NK21/020,72° 40.722',162° 07.191',N Mesa Range,KPB,Kirkpatrick Basalts,1441.4,540,2.67,,,4.803,6.939,8.273,7.75,9.894,5.624,8.754,6.609,7.33075,1.674873279,BGR
NK21/021,72° 40.722',162° 07.191',N Mesa Range,KPB,Kirkpatrick Basalts,653.8,250,2.62,,,2.75,2.177,2.749,2.569,1.716,2.462,2.562,2.531,2.4395,0.343347804,BGR
NK21/022,72° 43.296',162° 09.096',N Mesa Range,KPB,Kirkpatrick Basalts,2087.8,757,2.76,,,8.343,9.346,7.876,9.396,9.615,10.2,8.853,6.944,8.821625,1.054513149,BGR
NR 2659,72° 42.9' S,160° 20' E,Mt Koons,FD,Ferrar Dolerite,920.1,341,2.7,,,0.107,0.156,0.166,0.049,0.163,0.169,0.139,0.199,0.1435,0.046377334,BGR
NR 2759,73° 07' S,161° 16'E,Reichel Nunatak,Ferrar Dolerit,Ferrar Dolerite,191.5,66.5,2.88,,,17.57,18.7,17.63,17.54,19.13,16.94,19.37,17.62,18.0625,0.879443818,BGR
NK21/014,71° 52.927',163° 04.001',"Alamein Range, NW Tip",FD,Ferrar Dolerite,737.9,252,2.93,,,2.239,1.731,1.252,1.099,1.723,1.689,0.892,1.339,1.4955,0.431386469,BGR
NK21/015,71° 47.150',163° 49.741',Crown Hills,FD,Ferrar Dolerite,903,310,2.91,,,4.634,2.421,2.314,4.422,4.852,4.353,5.337,4.581,4.11425,1.120401427,BGR
NK21/016,71° 40.372',163° 07.809',"Lanterman Range, S of Linder Glacier",FD,Ferrar Dolerite,1059,390,2.72,,,0.166,0.061,0.183,0.025,0.219,0.072,0.187,0.159,0.134,0.070849942,BGR
NK21/023,71° 35.923',162° 01.956',Nunatak E of Morozumi Range (bottom),FD,Ferrar Dolerite,2329.4,810,2.88,,,0.195,0.481,0.393,0.477,0.109,0.303,0.519,0.384,0.357625,0.145752175,BGR
NK21/024,71° 35.954',162° 01.769',Nunatak E of Morozumi Range (top),FD,Ferrar Dolerite,2113.9,730,2.9,,,0.056,0.428,0.182,0.484,0.354,0.275,0.479,0.298,0.3195,0.149400708,BGR
NK21/047,71° 01.196',161° 34.886',"""Cobb"" Nunatak",FD,Ferrar Dolerite,1951.7,676,2.89,,,3.962,6.218,6.486,4.838,6.657,4.206,6.382,5.257,5.50075,1.078455344,BGR
NK21/048,71° 01.187',161° 34.967',"""Cobb"" Nunatak",FD,Ferrar Dolerite,2275.2,835,2.72,,,0.381,0.154,0.294,0.324,0.513,0.087,0.271,0.36,0.298,0.132899532,BGR
NK21/058,71° 07.310',161° 31.722',"""real Cobb"" Nunatak",FD,Ferrar Dolerite,1256.7,436,2.88,,,0.321,0.263,1.073,1.144,0.898,1.106,0.943,1.169,0.864625,0.365887156,BGR
NK21/068,71° 44.077',161° 20.491',Helliwell Hills northern tip,FD,Ferrar Dolerite,4410.7,1548,2.85,,,4.265,3.27,3.661,4.709,4.724,3.721,4.862,4.591,4.225375,0.598655383,BGR
NK21/001,71° 24.500',162° 02.010',Litell Rocks East,KPB,Kirkpatrick Basalts,1606.4,549,2.93,,,2.046,4.436,3.153,4.697,4.066,4.64,5.393,3.832,4.032875,1.040975701,BGR
NK21/002,71° 24.285',162° 01.991',Litell Rocks East,KPB,Kirkpatrick Basalts,801.4,275,2.91,,,7.737,7.212,6.126,7.611,6.722,6.256,7.039,5.902,6.825625,0.68868424,BGR
NK21/003,71° 24.141',162° 00.957',Litell Rocks East,KPB,Kirkpatrick Basalts,1587.8,544,2.92,,,12.17,26.66,15.25,13.96,27.85,31.82,30.41,22.38,22.5625,7.815230094,BGR
NK21/004,71° 24.289',162° 01.053',Litell Rocks East,KPB,Kirkpatrick Basalts,2093.4,720,2.91,,,24.89,24.13,16.12,20,21.99,20.97,15.85,23.77,20.965,3.482814953,BGR
NK21/005,71° 24.353',162° 01.101',Litell Rocks East,KPB,Kirkpatrick Basalts,889.3,310,2.87,,,4.12,3.469,1.609,3.963,2.734,2.049,0.949,1,2.486625,1.276711058,BGR
NK21/006,71° 27.758',162° 02.227',Litell Rocks South,KPB,Kirkpatrick Basalts,2374.2,817,2.91,,,10.33,12.74,14.07,12.49,17.35,12.2,10.94,12.5,12.8275,2.152060474,BGR
NK21/007,71° 27.726',162° 02.220',Litell Rocks South,KPB,Kirkpatrick Basalts,1153.1,397.5,2.9,,,1.888,1.386,0.99,1.37,1.346,0.895,1.97,2.956,1.600125,0.664499476,BGR
NK21/008,71° 26.056',162° 03.118',Litell Rocks South,KPB,Kirkpatrick Basalts,1837.8,675,2.72,,,0.806,0.736,0.1,0.293,0.024,0.256,0.219,0.569,0.375375,0.292223954,BGR
NK21/009,71° 24.827',161° 58.343',Litell Rocks South,FD,Ferrar Dolerite,2009,691,2.91,,,5.597,5.472,5.884,5.381,4.367,3.904,5.082,5.62,5.163375,0.685076416,BGR
NK21/010,71° 24.770',161° 58.412',Litell Rocks South,FD,Ferrar Dolerite,4462.5,1525,2.93,,,9.183,11.18,11.24,8.845,14.86,11.72,8.373,11.95,10.918875,2.111346655,BGR
NK21/011,71° 21.985',162° 01.355',Litell Rocks South,FD,Ferrar Dolerite,1951.5,673,2.9,,,7.106,7.039,6.078,4.999,7.484,6.983,7.079,6.903,6.708875,0.796331488,BGR
NK21/012,71° 32.099',161° 57.290',Sickle Nunatak,FD,Ferrar Dolerite,3986.1,1340,2.97,,,1.195,0.571,0.8,0.693,0.546,0.509,0.487,0.499,0.6625,0.240959985,BGR
NK21/013,71° 32.004',161° 57.014',Sickle Nunatak,FD,Ferrar Dolerite,5220.5,1745,2.99,,,0.813,0.771,0.647,0.644,0.562,0.538,0.66,0.587,0.65275,0.096770347,BGR
TES 120/03,71° 24' S,162° 00' E,Litell Rocks,KPB,Kirkpatrick Laven,414.7,145.5,2.85,,,1.82,1.661,1.709,1.607,1.088,1.533,1.279,1.66,1.544625,0.242838534,BGR
TES 120/04,71° 24' S,162° 00' E,Litell Rocks,KPB,Kirkpatrick Laven,982.5,338,2.91,,,16.45,15.45,16.61,15.7,15.83,16.68,15.78,15.81,16.03875,0.467651809,BGR
TES 121,71° 24' S,162° 00' E,Litell Rocks,KPB,Kirkpatrick Laven,1415.4,499,2.84,,,0.482,0.514,0.329,0.311,0.265,0.278,0.51,0.447,0.392,0.106628862,BGR
